,type,iLTs,miLT,ACR,net_delay,no_click,TCiL,subject
0,map,"[316, 93, 94, 44, 13, 11, 17, 13, 27, 13, 35, 19, 44, 31, 86, 50, 77, 55, 101]",59.94736842105263,5,1,18,19,22
1,map,"[168, 151, 90, 91, 30, 14, 29, 12, 33, 40, 33, 55]",62.166666666666664,3,1,9,12,25
2,map,"[157, 150, 87, 101, 12, 50, 17, 12, 23, 29, 34, 86, 50, 68]",62.57142857142857,5,1,8,14,15
3,map,"[150, 158, 90, 97, 17, 23, 21, 15, 35, 26, 66]",63.45454545454545,5,1,8,11,14
4,map,"[155, 160, 85, 92, 38, 13, 22, 26, 10, 31, 25, 117, 105, 25]",64.57142857142857,4,1,7,14,6
5,map,"[167, 150, 88, 93, 50, 46, 33, 14, 44, 72, 13, 35]",67.08333333333333,4,1,6,12,12
6,map,"[170, 154, 91, 113, 39, 10, 21, 10, 12]",68.88888888888889,4,1,10,9,23
7,map,"[164, 175, 88, 92, 12, 12, 73, 35, 37, 35, 19, 93]",69.58333333333333,5,1,8,12,5
8,map,"[187, 163, 161, 89, 93, 27, 10, 25, 13, 12, 42, 34]",71.33333333333333,4,1,12,12,27
9,map,"[156, 151, 87, 92, 37, 12, 41, 36, 34]",71.77777777777777,5,1,18,9,28
10,map,"[170, 152, 89, 110, 56, 29, 47, 152, 16, 95, 77, 31, 46, 32, 44, 27, 118, 15]",72.55555555555556,4,1,10,18,2
11,map,"[279, 153, 89, 92, 31, 10, 11, 29, 16, 11, 13, 81, 42, 185]",74.42857142857143,5,1,8,14,24
12,map,"[169, 156, 88, 95, 36, 14, 25, 60, 39, 89, 69]",76.36363636363636,5,1,6,11,8
13,map,[84],84.0,1,1500,7,1,5
14,map,"[254, 150, 87, 90, 34, 52, 10, 17]",86.75,4,1,7,8,19
15,map,"[159, 176, 245, 276, 164, 88, 60, 26, 13, 13, 11, 37, 12, 49, 16]",89.66666666666667,5,1,8,15,26
16,map,"[271, 156, 88, 120, 11, 41, 11, 23, 61, 13, 193]",89.81818181818181,5,1,7,11,4
17,map,"[156, 205, 31, 245, 21, 164, 83, 56, 34, 14, 15, 10, 69, 47, 41, 38, 204, 255, 142, 50, 56, 34, 97]",89.8695652173913,3,1,17,23,7
18,map,"[692, 11, 88, 92, 16, 22, 35, 16, 34, 34, 32, 124, 83]",98.38461538461539,2,1,12,13,1
19,map,"[295, 152, 87, 82, 36, 97, 35, 36, 26, 32, 163, 148]",99.08333333333333,4,1,14,12,9
20,map,"[607, 151, 117, 98, 28, 27, 35, 13, 29, 36, 41, 34, 81]",99.76923076923077,4,1,9,13,11
21,sat,[110],110.0,2,1100,8,1,12
22,map,"[173, 183, 245, 277, 167, 87, 55, 16, 26, 22, 10]",114.63636363636364,5,1,9,11,18
23,map,"[501, 14, 88, 90, 43, 43, 24, 177, 36, 165]",118.1,4,1,6,10,20
24,map,"[920, 17, 88, 93, 33, 53, 17, 21, 53, 33, 67]",126.81818181818181,5,1,18,11,13
25,map,"[1263, 154, 88, 92, 12, 12, 28, 41, 80, 38, 16, 31, 13]",143.69230769230768,3,1,7,13,10
26,map,"[1368, 165, 245, 275, 164, 99, 103, 19, 39, 11, 22, 22, 32, 83]",189.07142857142858,5,1,19,14,16
27,map,"[966, 150, 116, 123, 17, 31, 77]",211.42857142857142,5,1,7,7,3
28,map,"[1278, 163, 248, 275, 197, 89, 60, 29, 12, 10, 15]",216.0,4,1,8,11,21
29,map,"[1260, 151, 87, 110, 11, 19, 24]",237.42857142857142,5,1,7,7,17
30,sat,"[666, 438, 1198, 80, 72, 228, 13, 169, 217, 144, 46, 108, 205, 324, 109]",267.8,3,1,12,15,2
31,sat,"[654, 425, 779, 619, 166, 67, 194, 16, 155, 46, 179, 305]",300.4166666666667,4,1,8,12,26
32,sat,"[497, 446, 478, 482, 324, 184, 65, 204, 218, 402, 222, 388, 180, 484]",326.7142857142857,5,1,7,14,14
33,sat,"[495, 600, 1216, 162, 251, 18, 81, 177, 152, 221]",337.3,4,1,8,10,1
34,sat,"[484, 592, 1167, 161, 115, 199, 113, 11, 181, 228, 184, 460, 385, 179, 421, 246, 619, 735, 202]",351.6842105263158,4,1,19,19,22
35,sat,"[654, 372, 647, 1039, 163, 114, 146, 108, 178, 224, 148, 455]",354.0,4,1,17,12,16
36,sat,"[476, 976, 170, 333, 147, 31]",355.5,4,1,6,6,18
37,sat,"[480, 605, 487, 595, 13, 772, 204, 198, 111, 97]",356.2,4,1,14,10,7
38,sat,"[482, 596, 1203, 163, 165, 80, 152, 86, 187, 458]",357.2,5,1,14,10,4
39,sat,"[1181, 424, 569, 102, 39, 489, 586, 215, 824, 864, 417, 206, 68, 140, 15, 11, 10, 177, 462]",357.8421052631579,4,1,20,19,10
40,sat,"[483, 594, 646, 1040, 475, 21, 176, 147, 179, 224, 149, 451, 240, 474, 159]",363.8666666666667,5,1,20,15,28
41,sat,"[570, 594, 1209, 166, 172, 82, 189, 128, 221, 351]",368.2,4,1,12,10,9
42,sat,"[490, 594, 593, 645, 616, 321, 11, 153, 179, 224, 148, 453]",368.9166666666667,4,1,13,12,27
43,sat,"[490, 443, 569, 145, 206, 612, 37, 770, 356, 176]",380.4,5,1,9,10,3
44,sat,"[507, 592, 1196, 164, 239, 137, 257, 204, 222]",390.8888888888889,4,1,12,9,8
45,sat,"[591, 599, 1230, 192, 104, 64, 110]",412.85714285714283,5,1,6,7,21
46,sat,"[572, 593, 1172, 404, 41, 191, 181, 226, 150, 646]",417.6,4,1,8,10,5
47,sat,"[591, 645, 1173, 235, 300, 160, 55, 181, 422]",418.0,4,1,9,9,11
48,sat,"[484, 598, 645, 279, 86]",418.4,4,1,20,5,13
49,sat,"[625, 299]",462.0,5,1,4,2,24
50,map,"[1133, 916, 924, 232, 263, 261, 226, 342, 480, 253, 231, 572, 580, 228]",474.35714285714283,3,110,12,14,9
51,sat,"[475, 594, 647, 1056, 166, 166, 259]",480.42857142857144,5,1,13,7,25
52,sat,"[483, 593, 1208, 473, 166, 178, 310]",487.2857142857143,4,1,7,7,12
53,sat,"[494, 597, 647, 1087, 178, 236, 175]",487.7142857142857,5,1,7,7,17
54,sat,"[476, 602, 1189, 303, 149, 224]",490.5,4,1,7,6,19
55,sat,"[558, 648, 783, 1122, 257, 436, 204, 177, 455, 149, 655]",494.90909090909093,3,1,7,11,20
56,sat,"[714, 597, 646, 1039, 357, 249, 114]",530.8571428571429,3,1,7,7,6
57,sat,"[760, 595, 1213, 324, 203, 179, 552]",546.5714285714286,3,1,7,7,23
58,map,"[1023, 1007, 799, 923, 460, 459, 252, 231, 243, 697, 229]",574.8181818181819,4,110,11,11,10
59,map,"[1128, 919, 798, 925, 231, 251, 256, 228, 461]",577.4444444444445,4,110,14,9,16
60,map,"[1159, 1023, 954, 237, 338, 235, 465, 250, 565]",580.6666666666666,1,110,9,9,1
61,map,"[1139, 1014, 791, 928, 257, 240, 468, 231, 575, 225]",586.8,5,110,13,10,28
62,map,"[1189, 1017, 397, 249, 230, 456]",589.6666666666666,4,110,9,6,5
63,map,"[1122, 1007, 935, 233, 455, 476, 225, 234, 672]",595.4444444444445,4,110,10,9,22
64,map,"[1128, 685, 461, 233, 472]",595.8,3,110,7,5,18
65,map,"[1093, 719, 349, 235]",599.0,5,110,5,4,26
66,map,"[1105, 640, 462, 243]",612.5,4,110,7,4,8
67,map,"[1138, 1080, 938, 234, 235, 244, 300, 865, 659]",632.5555555555555,3,110,16,9,2
68,map,"[1126, 1031, 788, 921, 256, 252, 232, 465]",633.875,4,110,8,8,17
69,sat,"[848, 597, 1206, 163, 512]",665.2,5,1,7,5,15
70,map,"[1160, 925, 677, 797, 919, 457, 491, 247, 343, 659]",667.5,4,110,12,10,27
71,map,"[1103, 1021, 930, 471, 453, 237, 236, 894]",668.125,4,110,7,8,6
72,map,"[1131, 972, 938, 230, 564, 281, 229, 1045]",673.75,4,110,7,8,20
73,map,"[1228, 927, 798, 918, 474, 234, 236, 243, 1101]",684.3333333333334,4,110,18,9,13
74,map,"[1133, 1008, 935, 248, 355, 450]",688.1666666666666,3,110,9,6,25
75,map,"[1180, 1026, 937, 474, 460, 233, 565]",696.4285714285714,5,110,7,7,24
76,map,"[1669, 903, 1062, 1015, 804, 931, 350, 230, 249, 229, 567, 572, 692]",713.3076923076923,4,110,8,13,14
77,map,"[2018, 610, 270, 460, 229]",717.4,4,110,10,5,19
78,map,"[1136, 952, 798, 457, 344]",737.4,5,110,6,5,3
79,map,"[1140, 1029, 1037, 947, 242, 282]",779.5,4,110,7,6,4
80,map,"[1145, 917, 961, 461, 683, 565, 766]",785.4285714285714,4,110,7,7,12
81,map,"[2196, 1010, 925, 339, 252, 484, 455]",808.7142857142857,4,110,10,7,23
82,map,"[1454, 1011, 939, 501, 232]",827.4,5,110,6,5,21
83,map,"[1097, 1023, 948, 457, 689]",842.8,5,110,6,5,15
84,sat,"[1383, 1420, 1386, 485, 460, 496, 344, 457, 1222]",850.3333333333334,4,110,10,9,26
85,sat,"[1386, 1349, 1783, 476, 466, 468, 507, 1235, 456]",902.8888888888889,4,110,7,9,9
86,map,"[1133, 686]",909.5,4,110,4,2,7
87,sat,"[1558, 1369, 1359, 1850, 450, 485, 783, 567, 785, 679, 347]",930.1818181818181,4,110,13,11,22
88,sat,"[1391, 1237, 1243, 700, 922, 481, 463, 1025]",932.75,3,110,8,8,20
89,sat,"[1374, 1342, 1872, 477, 599, 345, 677]",955.1428571428571,4,110,9,7,1
90,sat,"[1358, 1345, 479, 737]",979.75,5,110,8,4,17
91,sat,"[1360, 1930, 1347, 486, 459, 784, 493]",979.8571428571429,4,110,13,7,7
92,sat,"[1297, 1358, 1867, 686, 785, 544, 487]",1003.4285714285714,2,110,14,7,2
93,sat,"[1353, 1348, 1832, 463, 895, 452]",1057.1666666666667,3,110,11,6,8
94,sat,"[1348, 1342, 1879, 469, 461, 685, 1332]",1073.7142857142858,3,110,8,7,5
95,sat,"[1369, 1358, 1865, 689, 786, 454]",1086.8333333333333,4,110,9,6,21
96,sat,"[1359, 1328, 1237, 1056, 455]",1087.0,4,110,6,5,18
97,sat,"[1370, 1340, 1801, 466, 472]",1089.8,4,110,11,5,25
98,sat,"[1362, 1344, 1847, 472, 806, 788]",1103.1666666666667,4,110,9,6,19
99,sat,"[1329, 1358, 1839, 482, 478, 692, 1552]",1104.2857142857142,4,110,13,7,11
100,sat,"[1357, 1345, 1835, 471, 933, 472, 1321]",1104.857142857143,4,110,8,7,6
101,sat,"[1360, 1387, 1854, 460, 1035, 344, 1037, 1556]",1129.125,4,110,7,8,4
102,sat,"[1380, 1363, 1374, 1948, 458, 513, 474, 1535]",1130.625,4,110,8,8,3
103,sat,"[1371, 1353, 1824, 949, 790, 461, 1378]",1160.857142857143,4,110,15,7,16
104,sat,"[1363, 1441, 1419, 1854, 898, 456, 463, 1128, 1389, 1259]",1167.0,5,110,18,10,28
105,sat,"[1277, 1252, 1249, 1236, 1007, 1014, 1199, 1129]",1170.375,4,110,6,8,14
106,sat,"[1364, 1352, 1353, 1832, 487, 496, 937, 1613]",1179.25,4,110,10,8,10
107,sat,"[1359, 1844, 477, 1321]",1250.25,4,110,7,4,12
108,sat,"[1371, 1810, 461, 1064, 1551]",1251.4,4,110,8,5,23
109,sat,"[1355, 1375, 1358, 1805, 1147, 465, 1334]",1262.7142857142858,4,110,13,7,27
110,sat,"[1362, 1361]",1361.5,4,110,4,2,24
111,sat,"[1365, 1362, 1366, 1850, 935]",1375.6,5,110,25,5,13
112,sat,"[1353, 1363, 1872, 1175]",1440.75,4,110,8,4,15
113,map,"[4087, 1851, 2330, 826, 811, 813, 810, 830, 807]",1462.7777777777778,4,400,14,9,26
114,sat,"[2428, 1456, 828]",1570.6666666666667,4,200,9,3,23
115,map,"[2434, 952]",1693.0,3,400,7,2,18
116,sat,"[2440, 2440, 1086, 808]",1693.5,4,200,9,4,21
117,sat,"[2052, 2511, 1224, 3259, 612, 816]",1745.6666666666667,3,200,20,6,27
118,sat,"[2477, 2431, 1615, 812, 1417]",1750.4,5,200,8,5,26
119,sat,"[2645, 2420, 3321, 814, 808, 818, 1453, 2588]",1858.375,4,200,11,8,22
120,sat,"[2425, 2448, 2496, 3337, 822, 1211, 1618, 610, 1790]",1861.888888888889,4,200,9,9,9
121,map,"[4092, 3690, 1005, 453, 1256, 1439, 825, 866, 4258]",1987.111111111111,4,400,12,9,9
122,sat,"[2465, 2438, 1221, 1940]",2016.0,4,200,11,4,5
123,sat,"[2438, 2422, 3284, 820, 1704, 609, 2199, 2744]",2027.5,4,200,14,8,28
124,map,"[4067, 3263, 820, 1264, 814]",2045.6,4,400,11,5,23
125,sat,"[2460, 2513, 2150, 1997, 1229]",2069.8,3,200,8,5,4
126,sat,"[2429, 2447, 1226, 2469]",2142.75,4,200,8,4,8
127,sat,"[2683, 2271, 2435, 3375, 1623, 1622, 859, 2339]",2150.875,4,200,9,8,10
128,sat,"[2468, 2452, 3342, 836, 1623, 1419, 3046]",2169.4285714285716,3,200,7,7,6
129,map,[2206],2206.0,4,1100,14,1,26
130,map,"[4798, 2453, 810, 812, 2336]",2241.8,3,400,16,5,13
131,map,"[3762, 3234, 1515, 823, 1975]",2261.8,3,400,19,5,16
132,map,"[3776, 3229, 3644, 3288, 894, 1641, 818, 817]",2263.375,5,400,8,8,14
133,map,"[4036, 3709, 811, 1442, 1438, 1016, 1616, 2995, 3786]",2316.5555555555557,3,400,14,9,27
134,map,"[4064, 3259, 826, 1163]",2328.0,3,400,9,4,5
135,map,"[4870, 3118, 1207, 2449, 138]",2356.4,4,600,15,5,22
136,map,"[4034, 3243, 819, 1625]",2430.25,4,400,9,4,19
137,map,"[3633, 3624, 3272, 1622, 1203, 1257]",2435.1666666666665,4,400,8,6,10
138,sat,"[2456, 2486]",2471.0,4,200,5,2,24
139,map,"[2902, 3641, 3269, 1655, 1642, 1965]",2512.3333333333335,2,400,8,6,8
140,sat,"[2488, 2781]",2634.5,4,200,12,2,25
141,map,"[3641, 3223, 817, 928, 4592]",2640.2,4,400,8,5,20
142,map,"[3760, 3690, 1413, 1767]",2657.5,3,400,9,4,6
143,map,[2675],2675.0,2,600,6,1,18
144,map,"[3634, 3623, 2024, 2439, 2231, 2458]",2734.8333333333335,4,400,17,6,28
145,map,"[4033, 3627, 2968, 813, 1624, 3377]",2740.3333333333335,3,400,7,6,22
146,map,"[3786, 1475, 2985]",2748.6666666666665,5,400,8,3,24
147,map,"[3704, 2556, 2030]",2763.3333333333335,4,400,9,3,7
148,map,"[4099, 3633, 3277, 1716, 851, 3831]",2901.1666666666665,4,400,8,6,3
149,map,"[3798, 3253, 1626, 3003]",2920.0,1,400,11,4,1
150,map,"[2444, 2654, 3778]",2958.6666666666665,4,400,4,3,21
151,map,"[4307, 3635, 3232, 806, 2827]",2961.4,3,400,16,5,2
152,map,"[5439, 5486, 3374, 1215, 1212, 1811, 2464, 2771]",2971.5,2,600,9,8,9
153,sat,[3035],3035.0,4,600,10,1,23
154,map,[3040],3040.0,2,1500,23,1,2
155,map,"[3770, 3275, 2454, 2681]",3045.0,5,400,8,4,15
156,map,"[5789, 5467, 1758, 1210, 1221]",3089.0,3,600,31,5,2
157,sat,"[4639, 2824, 1839]",3100.6666666666665,3,400,10,3,5
158,map,"[3856, 2817, 2650]",3107.6666666666665,3,400,8,3,12
159,map,"[4065, 3639, 1889]",3197.6666666666665,4,400,7,3,17
160,sat,"[4944, 1609, 3170, 2446, 3251, 3781]",3200.1666666666665,3,400,19,6,28
161,map,"[3780, 3651, 3652, 1782]",3216.25,4,400,5,4,4
162,map,"[4072, 3618, 2018]",3236.0,3,400,7,3,25
163,sat,[3268],3268.0,4,200,5,1,7
164,map,"[6172, 3671, 4270, 1218, 4855, 1209, 1817]",3316.0,4,600,12,7,10
165,map,"[3774, 3027]",3400.5,3,400,12,2,11
166,map,"[4850, 1217, 2779, 4769]",3403.75,3,600,9,4,5
167,sat,[3438],3438.0,2,600,11,1,11
168,map,[3547],3547.0,2,1100,10,1,9
169,sat,"[4826, 4965, 1664, 3011, 2098, 5031]",3599.1666666666665,3,400,7,6,26
170,map,"[6088, 5538, 3632, 2426, 1220, 1230, 5209]",3620.4285714285716,4,600,20,7,28
171,sat,"[4856, 6456, 1637, 1625]",3643.5,4,400,15,4,22
172,sat,"[4832, 4835, 1543]",3736.6666666666665,2,400,15,3,2
173,sat,"[4689, 4464, 1769, 4198]",3780.0,4,400,8,4,20
174,map,"[5821, 5501, 4939, 1228, 1436]",3785.0,3,600,8,5,20
175,map,"[6032, 1540]",3786.0,3,600,11,2,19
176,sat,[3792],3792.0,3,400,9,1,11
177,sat,"[4827, 2883]",3855.0,4,400,9,2,19
178,map,"[5915, 2065]",3990.0,2,600,4,2,8
179,sat,"[4613, 4849, 2434, 4247]",4035.75,2,400,12,4,1
180,map,"[6063, 3684, 2294, 1222, 6995]",4051.6,3,600,8,5,26
181,map,"[6055, 1845, 4304]",4068.0,1,600,11,3,1
182,map,[4175],4175.0,4,600,6,1,21
183,map,"[6887, 4148, 1717, 3218, 5159]",4225.8,2,850,23,5,9
184,sat,"[4636, 3826]",4231.0,2,400,6,2,12
185,map,"[8566, 7689, 6946, 1713, 1712, 2812, 1729, 2835]",4250.25,4,850,13,8,26
186,map,"[187, 6823, 5741]",4250.333333333333,3,850,11,3,5
187,sat,"[4844, 4431, 4450, 4261, 3292]",4255.6,4,400,5,5,14
188,sat,[4324],4324.0,2,400,6,1,18
189,sat,"[4822, 6459, 1622, 2546, 6207]",4331.2,3,400,9,5,9
190,map,"[6680, 1652, 4662]",4331.333333333333,3,600,11,3,11
191,map,"[6033, 5428, 3541, 2416]",4354.5,3,600,7,4,3
192,sat,[4443],4443.0,1,1100,8,1,20
193,map,"[5789, 5548, 3879, 2783]",4499.75,3,600,15,4,16
194,sat,"[4029, 4861, 4610]",4500.0,3,400,15,3,27
195,map,"[6178, 5431, 5368, 1209]",4546.5,2,600,12,4,27
196,map,"[5469, 3644]",4556.5,4,600,7,2,23
197,map,"[6024, 5427, 4281, 2888]",4655.0,2,600,10,4,25
198,map,"[5773, 3655]",4714.0,3,600,20,2,13
199,sat,"[5014, 4839, 6501, 2571]",4731.25,3,400,8,4,6
200,sat,"[4644, 4883]",4763.5,5,400,4,2,24
201,map,"[5814, 5479, 5050, 3021]",4841.0,3,600,8,4,4
202,sat,"[4850, 4908]",4879.0,2,400,7,2,8
203,sat,"[4902, 4875]",4888.5,2,400,11,2,25
204,sat,"[4644, 4951, 7608, 2574]",4944.25,3,400,7,4,4
205,map,"[9599, 6828, 7699, 6853, 2846, 4940, 3228, 1714, 859]",4951.777777777777,4,850,31,9,28
206,sat,"[7058, 2846]",4952.0,4,600,12,2,19
207,sat,"[7244, 2667]",4955.5,2,600,14,2,27
208,sat,"[7226, 7289, 2434, 4820, 3465]",5046.8,3,600,7,5,10
209,map,"[6059, 5553, 4931, 2900, 5795]",5047.6,5,600,8,5,15
210,sat,"[4850, 4855, 5462]",5055.666666666667,3,400,13,3,21
211,sat,"[6115, 4040]",5077.5,4,400,7,2,23
212,sat,"[4612, 5431, 5583]",5208.666666666667,2,400,16,3,16
213,sat,"[4831, 6705, 3473, 5827]",5209.0,3,400,12,4,10
214,map,"[6033, 4422]",5227.5,4,600,7,2,17
215,map,"[6969, 5427, 3974, 4600]",5242.5,2,600,7,4,6
216,sat,"[5645, 4921]",5283.0,3,400,19,2,13
217,sat,[5404],5404.0,1,600,16,1,25
218,sat,"[2443, 8479]",5461.0,4,600,7,2,7
219,map,[5481],5481.0,3,600,7,1,12
220,map,"[4701, 3700, 8302]",5567.666666666667,3,850,8,3,21
221,map,"[4531, 6668]",5599.5,2,850,10,2,11
222,map,"[5763, 5463]",5613.0,4,600,4,2,24
223,sat,"[6965, 7240, 2770]",5658.333333333333,3,600,7,3,6
224,map,"[8536, 7675, 6915, 1717, 2558, 3023, 9906]",5761.428571428572,4,850,6,7,14
225,sat,"[4851, 4973, 7567]",5797.0,2,400,6,3,3
226,map,"[5616, 6016]",5816.0,5,850,9,2,15
227,map,[5826],5826.0,4,1500,13,1,26
228,sat,"[5273, 6517]",5895.0,4,400,6,2,7
229,sat,"[6969, 7236, 3695]",5966.666666666667,2,600,13,3,9
230,map,"[8531, 7791, 5990, 6856, 1712, 4923]",5967.166666666667,3,850,11,6,10
231,sat,"[7306, 3011, 7609]",5975.333333333333,4,600,8,3,26
232,map,[6007],6007.0,1,1800,7,1,5
233,map,"[6632, 5471]",6051.5,2,1100,8,2,5
234,map,[6066],6066.0,4,600,3,1,14
235,map,"[9152, 7802, 6632, 4770, 2303]",6131.8,3,1100,14,5,28
236,map,"[8677, 1778, 12856, 1230]",6135.25,4,1500,10,4,21
237,map,"[8846, 8922, 3161, 3640]",6142.25,2,1100,7,4,6
238,map,"[7844, 5882, 4888]",6204.666666666667,3,850,16,3,27
239,sat,"[4555, 7873]",6214.0,4,400,8,2,17
240,sat,[6244],6244.0,4,850,19,1,26
241,map,"[7140, 5475]",6307.5,4,600,4,2,7
242,sat,"[7277, 3658, 8187]",6374.0,3,600,15,3,22
243,map,"[8713, 7706, 6930, 3444, 3266, 8307]",6394.333333333333,4,850,6,6,20
244,map,"[7815, 6355, 5118]",6429.333333333333,2,850,13,3,22
245,sat,[6499],6499.0,1,600,5,1,18
246,map,"[8292, 7716, 3714]",6574.0,1,850,10,3,1
247,sat,"[7236, 6681, 6723, 6562, 5766, 7013, 7032]",6716.142857142857,3,600,5,7,14
248,sat,"[6977, 5817, 7610]",6801.333333333333,2,600,16,3,16
249,sat,[6988],6988.0,4,600,4,1,24
250,sat,"[6770, 7254]",7012.0,1,600,4,2,8
251,map,[7109],7109.0,3,850,19,1,13
252,sat,"[7037, 7253]",7145.0,3,600,7,2,21
253,map,"[8588, 7672, 6518, 5982]",7190.0,3,850,13,4,2
254,sat,"[7346, 9761, 4546]",7217.666666666667,3,600,18,3,28
255,sat,"[6995, 7235, 11039, 3674]",7235.75,3,600,5,4,4
256,sat,"[9659, 4828]",7243.5,2,600,11,2,5
257,sat,[7264],7264.0,5,1100,8,1,26
258,sat,"[7261, 7233, 7502]",7332.0,2,600,12,3,1
259,map,[7450],7450.0,3,850,11,1,19
260,map,"[10803, 9963, 7831, 3648, 5269]",7502.8,5,1100,8,5,14
261,sat,"[7234, 9510, 5844]",7529.333333333333,2,600,10,3,15
262,sat,"[10297, 4789]",7543.0,3,850,15,2,10
263,map,"[8278, 7706, 6855]",7613.0,2,850,8,3,6
264,sat,"[10219, 13186, 3439, 4010]",7713.5,1,850,9,4,3
265,map,"[8267, 7685, 7140, 7852]",7736.0,2,850,8,4,4
266,sat,[7774],7774.0,5,2000,4,1,14
267,sat,[7838],7838.0,3,600,8,1,12
268,map,"[8579, 7682, 7441]",7900.666666666667,2,850,6,3,3
269,map,"[8314, 7678]",7996.0,5,850,10,2,24
270,map,[7997],7997.0,1,1100,15,1,16
271,map,"[8942, 10021, 7720, 5665]",8087.0,1,1100,12,4,25
272,map,[8094],8094.0,4,1100,9,1,15
273,sat,"[6976, 7237, 10274]",8162.333333333333,2,600,6,3,3
274,map,"[11077, 6948, 5559, 8934, 4869, 11924]",8218.5,5,1100,14,6,24
275,map,"[7166, 6805, 10799]",8256.666666666666,3,1100,9,3,21
276,sat,"[7012, 9711]",8361.5,3,600,7,2,20
277,sat,"[7229, 9677]",8453.0,3,600,9,2,17
278,map,[8542],8542.0,4,850,3,1,7
279,map,[8615],8615.0,2,1100,7,1,19
280,map,"[5399, 11885]",8642.0,1,1500,17,2,9
281,map,"[9935, 7554]",8744.5,3,1100,7,2,4
282,map,[8746],8746.0,5,850,5,1,23
283,map,"[13663, 6020, 3030, 12546]",8814.75,2,1500,9,4,3
284,map,"[15078, 3178, 7952, 3069, 14902]",8835.8,3,110,14,5,11
285,map,"[14672, 9002, 9671, 2767]",9028.0,4,1800,28,4,28
286,sat,"[10283, 10243, 3415, 12429]",9092.5,1,850,11,4,9
287,map,[9125],9125.0,4,2000,10,1,26
288,sat,"[9461, 9285]",9373.0,5,850,4,2,14
289,map,[9431],9431.0,3,850,8,1,17
290,map,"[9212, 9792]",9502.0,3,1100,15,2,2
291,sat,[9632],9632.0,2,850,11,1,21
292,map,"[10161, 7813, 10947]",9640.333333333334,4,2000,8,3,21
293,map,[9922],9922.0,4,1100,8,1,23
294,map,[9935],9935.0,3,1100,20,1,27
295,map,"[11057, 8937, 9917, 8845, 8004, 13008]",9961.333333333334,3,1100,7,6,18
296,map,"[11051, 9925, 9188]",10054.666666666666,2,1100,7,3,3
297,sat,"[9968, 10261]",10114.5,3,850,6,2,6
298,map,[10261],10261.0,4,1500,23,1,28
299,sat,[10335],10335.0,1,1100,7,1,18
300,map,[10338],10338.0,4,1500,7,1,15
301,sat,"[10239, 10438]",10338.5,1,850,8,2,18
302,sat,[10357],10357.0,3,850,3,1,7
303,map,"[11060, 9946]",10503.0,3,1100,10,2,10
304,map,[10789],10789.0,1,1100,13,1,1
305,map,[10791],10791.0,3,1100,21,1,22
306,map,[10791],10791.0,3,1100,9,1,17
307,map,[10944],10944.0,1,2000,44,1,2
308,map,[11110],11110.0,2,1100,3,1,7
309,map,"[14090, 13570, 6768]",11476.0,1,1500,10,3,4
310,sat,"[18025, 10954, 6052]",11677.0,1,1500,9,3,3
311,map,[12225],12225.0,5,1500,9,1,23
312,map,"[12765, 11777]",12271.0,1,1500,7,2,6
313,map,"[15033, 13527, 9045, 11778]",12345.75,4,1500,13,4,19
314,sat,"[10009, 10249, 17750]",12669.333333333334,2,850,6,3,4
315,map,"[20104, 7688, 7256, 15810]",12714.5,3,2000,8,4,10
316,sat,"[13303, 12196]",12749.5,3,1100,5,2,14
317,sat,[12785],12785.0,4,1500,8,1,26
318,sat,[12807],12807.0,3,850,14,1,28
319,map,"[20024, 5838]",12931.0,1,2000,14,2,9
320,sat,[13063],13063.0,1,1100,17,1,1
321,sat,"[13088, 13226]",13157.0,1,1100,14,2,9
322,sat,"[13130, 13326]",13228.0,2,1100,9,2,21
323,sat,"[13238, 13232]",13235.0,1,1100,6,2,6
324,sat,[13368],13368.0,1,1100,17,1,22
325,map,"[14773, 9029, 16357]",13386.333333333334,4,1500,4,3,14
326,sat,[13417],13417.0,1,1100,7,1,3
327,map,"[15049, 13529, 11761]",13446.333333333334,3,1500,12,3,10
328,map,[13829],13829.0,2,1800,7,1,6
329,map,[14139],14139.0,4,1500,7,1,20
330,map,"[14441, 13161, 14977]",14193.0,2,1800,9,3,4
331,sat,"[12995, 13239, 16916]",14383.333333333334,2,1100,8,3,4
332,map,"[17215, 14961, 11743]",14639.666666666666,4,1800,8,3,23
333,map,"[14403, 14878]",14640.5,4,1500,6,2,24
334,map,[14776],14776.0,1,1500,3,1,7
335,map,[15024],15024.0,4,1500,12,1,25
336,map,[15088],15088.0,5,1800,4,1,24
337,map,"[20043, 16047, 9459, 15792]",15335.25,3,2000,16,4,28
338,sat,"[14184, 13231, 18574, 16265]",15563.5,4,1100,9,4,10
339,map,"[18039, 16220, 15953, 16056]",16567.0,2,1800,10,4,21
340,sat,[17483],17483.0,3,1100,15,1,28
341,sat,"[16949, 18070]",17509.5,1,1500,5,2,6
342,sat,[17783],17783.0,2,1500,12,1,28
343,map,[17790],17790.0,1,1800,13,1,25
344,map,[18035],18035.0,1,1800,10,1,9
345,sat,"[18043, 18036]",18039.5,1,1500,8,2,4
346,sat,"[18029, 18051]",18040.0,1,1500,9,2,9
347,sat,[18064],18064.0,4,1500,4,1,14
348,map,"[19783, 16511]",18147.0,2,2000,8,2,3
349,map,"[19266, 18026, 18608, 18188]",18522.0,4,2000,7,4,14
350,map,"[19770, 18034]",18902.0,1,2000,10,2,4
351,map,"[20072, 17907]",18989.5,2,2000,22,2,13
352,map,"[20077, 18087]",19082.0,1,2000,4,2,25
353,map,[20039],20039.0,1,2000,8,1,16
354,map,[20079],20079.0,3,2000,4,1,7
355,sat,"[18046, 18028, 25631]",20568.333333333332,2,1500,9,3,10
356,map,"[20092, 22083]",21087.5,3,2000,9,2,17
357,sat,"[23806, 24035]",23920.5,1,2000,9,2,4
358,sat,[24093],24093.0,1,2000,7,1,6
359,sat,[25000],25000.0,1,2000,8,1,3
360,sat,"[24049, 24092, 28658]",25599.666666666668,2,2000,7,3,10
361,sat,[26327],26327.0,1,2000,9,1,20
362,map,[],,1,1500,12,0,1
363,map,[],,1,2000,12,0,1
364,sat,[],,1,2000,9,0,1
365,sat,[],,1,1500,4,0,1
366,sat,[],,1,850,11,0,1
367,sat,[],,1,1500,11,0,2
368,sat,[],,1,2000,12,0,2
369,sat,[],,1,1100,20,0,2
370,sat,[],,2,600,39,0,2
371,sat,[],,1,850,30,0,2
372,map,[],,1,2000,4,0,5
373,sat,[],,1,850,7,0,5
374,sat,[],,1,2000,4,0,5
375,sat,[],,2,1100,7,0,5
376,sat,[],,1,1500,5,0,5
377,map,[],,1,2000,7,0,6
378,map,[],,4,1800,8,0,7
379,sat,[],,3,2000,9,0,7
380,sat,[],,3,1500,9,0,7
381,sat,[],,3,1100,5,0,7
382,map,[],,1,2000,4,0,8
383,map,[],,1,1500,3,0,8
384,map,[],,2,850,4,0,8
385,map,[],,2,1100,3,0,8
386,map,[],,1,1800,4,0,8
387,sat,[],,1,1500,3,0,8
388,sat,[],,1,2000,3,0,8
389,sat,[],,1,850,5,0,8
390,sat,[],,1,1100,4,0,8
391,sat,[],,1,2000,4,0,9
392,map,[],,2,1800,9,0,10
393,map,[],,3,1100,9,0,11
394,map,[],,2,1500,12,0,11
395,map,[],,2,2000,12,0,11
396,sat,[],,3,1100,12,0,11
397,sat,[],,1,2000,11,0,11
398,sat,[],,2,850,11,0,11
399,sat,[],,2,1500,10,0,11
400,map,[],,2,1500,6,0,12
401,map,[],,2,1100,7,0,12
402,map,[],,2,2000,7,0,12
403,map,[],,3,850,6,0,12
404,sat,[],,1,2000,6,0,12
405,sat,[],,1,1500,8,0,12
406,sat,[],,2,850,7,0,12
407,map,[],,2,1100,15,0,13
408,map,[],,1,1500,15,0,13
409,sat,[],,1,1100,19,0,13
410,sat,[],,2,600,22,0,13
411,sat,[],,1,2000,24,0,13
412,sat,[],,1,850,22,0,13
413,sat,[],,1,1500,23,0,13
414,map,[],,4,2000,7,0,15
415,sat,[],,1,1500,8,0,15
416,sat,[],,1,2000,11,0,15
417,sat,[],,2,850,10,0,15
418,sat,[],,3,400,9,0,15
419,sat,[],,1,1100,14,0,15
420,map,[],,2,850,16,0,16
421,map,[],,1,1500,20,0,16
422,sat,[],,1,1500,23,0,16
423,sat,[],,2,1100,23,0,16
424,sat,[],,1,2000,20,0,16
425,sat,[],,1,850,23,0,16
426,map,[],,2,1500,8,0,17
427,sat,[],,2,1100,9,0,17
428,sat,[],,1,2000,20,0,17
429,sat,[],,2,1500,15,0,17
430,sat,[],,3,850,9,0,17
431,map,[],,1,2000,8,0,18
432,map,[],,1,1500,8,0,18
433,map,[],,1,850,6,0,18
434,sat,[],,1,2000,8,0,18
435,sat,[],,1,1500,8,0,18
436,map,[],,3,2000,8,0,19
437,sat,[],,3,850,12,0,19
438,sat,[],,1,1500,18,0,19
439,sat,[],,1,2000,13,0,19
440,sat,[],,1,1100,11,0,19
441,map,[],,4,1800,8,0,20
442,map,[],,4,2000,8,0,20
443,map,[],,4,1100,8,0,20
444,sat,[],,3,1500,9,0,20
445,sat,[],,3,850,8,0,20
446,sat,[],,2,2000,9,0,21
447,sat,[],,1,1500,15,0,21
448,map,[],,3,1800,14,0,22
449,map,[],,2,2000,13,0,22
450,map,[],,3,1500,24,0,22
451,sat,[],,1,2000,28,0,22
452,sat,[],,1,1500,24,0,22
453,sat,[],,3,850,15,0,22
454,map,[],,4,2000,8,0,23
455,sat,[],,3,1500,10,0,23
456,sat,[],,4,2000,8,0,23
457,sat,[],,4,1100,8,0,23
458,sat,[],,4,850,7,0,23
459,map,[],,4,2000,10,0,24
460,sat,[],,3,2000,10,0,24
461,sat,[],,4,1500,7,0,24
462,sat,[],,3,1100,7,0,24
463,sat,[],,5,850,4,0,24
464,map,[],,2,850,11,0,25
465,sat,[],,1,2000,19,0,25
466,sat,[],,1,850,11,0,25
467,sat,[],,1,1100,17,0,25
468,sat,[],,1,1500,14,0,25
469,map,[],,4,1800,7,0,26
470,sat,[],,4,2000,8,0,26
471,map,[],,1,1800,15,0,27
472,map,[],,2,2000,19,0,27
473,map,[],,2,1500,12,0,27
474,sat,[],,1,2000,17,0,27
475,sat,[],,1,850,13,0,27
476,sat,[],,1,1100,19,0,27
477,sat,[],,1,1500,23,0,27
478,sat,[],,2,2000,17,0,28
